"","X","ID","InterfaceID","AuthChain1","AuthChain2","SymmetryOp1","SymmetryOp2","physio","contacts","gene","superfamily","pfam","bsa","bsa_polar","bsa_apolar","frac_polar","frac_apolar","comments"
"1",1,"1a17",6,"A","A","1_555","15_545",FALSE,138,"PPP5C","1.25.40.10",NA,4153.16,1651.43,2501.74,0.397632164424198,0.602370243380944,""
"2",2,"1a3a_1",NA,"","","","",TRUE,62,"mtlA","3.40.930.10","PF00359",1868.68,826.64,1042.03,0.442365734101077,0.557628914527902,""
"3",3,"1a7g_1",NA,"","","","",TRUE,72,"E2","3.30.70.330","PF00511",1849.89,694.27,1155.61,0.375303396418165,0.624691197855007,""
"4",4,"1ac6_1",NA,"","","","",TRUE,43,"TRAV6D-7","2.60.40.10","PF07686",1196.8,452.579999999999,744.22,0.378158422459892,0.621841577540107,""
"1184",1184,"4nk0_2",NA,"","","","",FALSE,36,NA,"3.30.428.10",NA,1248.21,367.21,880.99,0.294189279047596,0.705802709479976,""
"1312",1312,"4zai",4,"A","A","1_555","5_554",FALSE,72,NA,"2.40.50.40",NA,2043.86,820.97,1222.9,0.401676240055581,0.598328652647441,""
"1324",1324,"5a0j_1",NA,"","","","",TRUE,75,NA,"1.10.600.10",NA,2543.59,785.019999999999,1758.57,0.308626783404558,0.691373216595442,""
